,City,Country,Latitude,Longitude,Temperature,Humidity,Cloud,Winter_Speed
0,Luanda,AO,-8.83,13.24,298.15,73,51,2.6
1,Ayabaca,PE,-4.64,-79.72,303.3,35,0,3.98
2,Qaanaaq,GL,77.48,-69.36,278.5,71,27,0.52
3,Hasaki,JP,35.73,140.83,289.9,88,75,3.1
4,Hithadhoo,MV,-0.6,73.08,302.4,72,86,3.88
5,Punta Arenas,CL,-53.16,-70.91,276.08,93,75,3.6
6,Touros,BR,-5.2,-35.46,298.15,88,75,6.2
7,Chuy,UY,-33.69,-53.46,286.9,76,100,0.94
8,Atuona,PF,-9.8,-139.03,300.0,73,1,7.79
9,Williams Lake,CA,52.13,-122.14,287.15,93,90,3.1
10,Busselton,AU,-33.64,115.35,282.2,71,100,4.95
11,Hobart,AU,-42.88,147.33,282.04,81,75,3.6
12,Ipua,BR,-20.44,-48.01,298.3,33,0,0.28
13,Oistins,BB,13.07,-59.53,304.15,66,75,7.7
14,Avarua,CK,-21.21,-159.78,292.15,93,93,0.5
15,Esperance,AU,-33.86,121.89,284.15,87,90,4.6
16,Santa Isabel do Rio Negro,BR,-0.41,-65.02,300.4,87,38,1.5
17,Vaini,IN,15.34,74.49,298.8,87,100,4.05
18,Cape Town,ZA,-33.93,18.42,285.86,87,0,1.5
19,Kampot,KH,10.62,104.18,299.73,88,20,1.0
20,Leh,IN,34.16,77.58,279.2,68,28,1.6
21,Faya,SA,18.39,42.45,298.18,50,40,3.1
22,Kruisfontein,ZA,-34.0,24.73,283.8,95,12,1.61
23,Lata,IN,30.78,78.62,281.9,93,66,1.26
24,Mataura,NZ,-46.19,168.86,281.6,96,80,2.67
25,Kahului,US,20.89,-156.47,297.01,73,20,1.5
26,Albany,US,42.65,-73.75,302.08,44,1,2.1
27,Souillac,FR,45.6,-0.6,302.3,27,0,3.6
28,Rosario,UY,-34.31,-57.35,289.21,67,75,1.5
29,Saint-Francois,FR,46.42,3.91,298.58,24,0,4.1
30,South Venice,US,27.05,-82.42,303.3,62,1,4.1
31,Kavieng,PG,-2.57,150.8,301.3,68,100,1.28
32,Butaritari,KI,3.07,172.79,301.9,70,96,0.92
33,Jamame,SO,0.07,42.75,299.4,74,52,5.76
34,Kapaa,US,22.08,-159.32,299.21,78,1,4.1
35,Sao Filipe,CV,14.9,-24.5,296.2,84,0,8.63
36,Khatanga,RU,71.98,102.47,283.5,68,15,2.55
37,Husavik,CA,50.56,-96.99,297.07,38,53,3.13
38,Bagdarin,RU,54.44,113.59,286.1,81,89,1.58
39,Kabanjahe,ID,3.1,98.49,294.9,98,92,0.85
40,Saldanha,PT,41.42,-6.55,303.9,24,0,2.73
41,Valleyview,CA,55.07,-117.28,287.9,86,100,0.42
42,Jamestown,AU,-33.21,138.6,281.9,90,16,8.36
43,Hermanus,ZA,-34.42,19.24,284.76,94,0,2.72
44,Richards Bay,ZA,-28.77,32.06,296.7,58,0,4.05
45,Puerto Ayora,EC,-0.74,-90.35,297.64,61,40,7.7
46,Silver City,US,32.77,-108.28,306.39,13,40,2.1
47,Along,IN,28.17,94.8,287.6,99,100,0.57
48,Vytegra,RU,61.01,36.45,285.0,68,80,11.38
49,Huambo,AO,-12.78,15.73,286.6,17,38,0.89
50,Port-Gentil,GA,-0.72,8.78,298.15,88,90,4.1
51,Nikolskoye,RU,59.7,30.79,287.6,54,40,5.0
52,Yavas,RU,54.42,42.84,286.6,92,97,3.46
53,Chuncheng,CN,22.17,111.79,301.48,75,100,0.41
54,Blytheville,US,35.93,-89.92,306.09,66,20,3.6
55,Ushuaia,AR,-54.81,-68.31,276.82,100,0,1.56
56,Cap Malheureux,MU,-19.98,57.61,294.77,83,40,4.49
57,Sibolga,ID,1.74,98.78,301.4,76,85,3.44
58,Dikson,RU,73.51,80.55,272.8,97,100,4.1
59,Castro,CL,-42.48,-73.76,284.15,76,40,7.7
60,Anadyr,RU,64.73,177.51,289.99,59,0,1.0
61,Saint-Augustin,CA,45.63,-73.98,302.91,51,75,1.0
62,Pare,ID,-7.77,112.2,292.4,94,26,2.27
63,Pathein,MM,16.78,94.73,299.7,87,100,3.57
64,Barrow,AR,-38.31,-60.23,288.7,51,27,1.91
65,New Norfolk,AU,-42.78,147.06,282.04,81,75,3.6
66,Cervo,BR,-22.19,-46.24,294.15,37,0,0.66
67,Puerto Escondido,MX,15.86,-97.07,300.15,88,90,3.58
68,Saskylakh,RU,71.97,114.09,285.0,69,51,1.12
69,Quelimane,MZ,-17.88,36.89,295.15,78,20,2.1
70,Port Alfred,ZA,-33.59,26.89,287.59,90,0,0.89
71,Clyde River,CA,70.47,-68.59,288.15,51,40,6.7
72,Menongue,AO,-14.66,17.68,287.0,19,1,1.44
73,Terra Santa,BR,-2.1,-56.49,301.7,75,38,1.9
74,Iqaluit,CA,63.75,-68.52,286.15,66,75,2.6
75,Pando,UY,-34.72,-55.96,287.9,59,0,2.42
76,Provideniya,RU,64.42,-173.23,293.3,37,0,1.62
77,Petropavlovsk-Kamchatskiy,RU,53.05,158.65,283.15,93,74,3.0
78,Chicama,PE,-7.84,-79.15,293.15,77,20,5.1
79,Ahipara,NZ,-35.17,173.16,288.2,82,0,2.22
80,Tomatlan,MX,19.93,-105.25,302.4,66,0,4.05
81,Airai,TL,-8.93,125.41,292.8,83,14,2.11
82,Mitsamiouli,KM,-11.38,43.28,299.15,69,20,12.3
83,Lebu,ET,8.96,38.73,284.15,121,40,1.26
84,Bubaque,GW,11.28,-15.83,300.3,81,78,6.74
85,Santa Maria,BR,-16.02,-48.01,298.15,29,0,3.6
86,Cidreira,BR,-30.17,-50.22,291.8,61,100,2.19
87,Fortuna,ES,38.18,-1.13,300.63,65,0,4.1
88,Dunedin,NZ,-45.87,170.5,282.04,70,0,1.79
89,Guerrero Negro,MX,27.97,-114.04,292.3,81,0,6.12
90,Broome,GB,52.47,1.45,295.97,53,40,5.1
91,Tilichiki,RU,60.47,166.1,285.2,77,42,0.5
92,Bredasdorp,ZA,-34.53,20.04,284.16,87,0,1.5
93,Smithers,CA,54.78,-127.17,289.15,87,90,1.5
94,Senador Jose Porfirio,BR,-2.59,-51.95,304.4,54,13,1.9
95,Save,BJ,8.04,2.49,299.6,75,50,2.04
96,Shache,CN,38.42,77.24,302.59,62,30,0.45
97,Gobabis,NA,-22.45,18.97,293.15,16,0,1.0
98,Kouroussa,GN,10.65,-9.88,300.0,83,76,1.48
99,Rikitea,PF,-23.12,-134.97,296.1,79,26,9.92
100,La Sarre,CA,48.8,-79.2,299.9,35,75,4.32
101,Kulhudhuffushi,MV,6.62,73.07,302.1,67,100,2.87
102,Norman Wells,CA,65.28,-126.83,290.15,59,75,3.6
103,Geraldton,CA,49.72,-86.95,290.15,93,90,1.26
104,Cayenne,GF,4.94,-52.33,299.15,88,18,2.6
105,Talnakh,RU,69.49,88.39,282.15,70,40,5.0
106,Saint-Philippe,CA,45.36,-73.48,302.87,40,1,1.5
107,Loa Janan,ID,-0.58,117.09,295.6,99,58,1.2
108,Bluff,AU,-23.58,149.07,289.2,85,93,1.77
109,La Ronge,CA,55.1,-105.3,292.15,42,75,3.6
110,Yellowknife,CA,62.45,-114.38,287.09,71,75,2.06
111,Rakai,UG,-0.71,31.4,294.2,65,92,1.49
112,Port Elizabeth,US,39.31,-74.98,302.99,62,1,3.1
113,Dawei,MM,14.07,98.19,301.4,81,100,5.92
114,Caxito,BR,-22.65,-42.51,296.15,56,20,6.2
115,Cairns,AU,-16.92,145.77,292.45,88,90,0.5
116,Gaoual,GN,11.75,-13.2,300.3,82,77,3.01
117,Vila Franca do Campo,PT,37.72,-25.43,297.15,73,20,4.1
118,Mahebourg,MU,-20.41,57.7,294.65,83,40,2.09
119,Shimoda,JP,34.7,138.93,294.07,73,75,2.6
120,Cutervo,PE,-6.38,-78.82,294.6,44,26,5.85
121,Hilo,US,19.71,-155.08,296.81,78,90,2.1
122,Lagoa,PT,37.14,-8.45,298.82,57,0,4.1
123,Ponta do Sol,BR,-20.63,-46.0,294.8,36,0,1.71
124,Derzhavinsk,KZ,51.1,66.31,295.2,32,82,4.49
125,Tradate,IT,45.71,8.91,299.77,48,20,2.1
126,Sarkand,KZ,45.41,79.91,294.3,40,0,4.19
127,Codrington,AU,-28.95,153.24,281.17,93,0,3.6
128,Hofn,IS,64.25,-15.21,283.15,81,90,5.1
129,Namuac,PH,18.61,121.17,296.3,79,54,1.86
130,Raudeberg,NO,61.99,5.14,289.78,77,20,6.7
131,Sur,OM,22.57,59.53,303.4,59,30,4.16
132,Santo Tomas,PH,7.53,125.62,298.15,94,75,1.33
133,Tyukalinsk,RU,55.87,72.2,288.9,86,43,3.45
134,Salalah,OM,17.01,54.1,301.15,88,90,3.1
135,Port Hardy,CA,50.7,-127.42,290.15,93,75,2.1
136,Flin Flon,CA,54.77,-101.88,292.15,32,20,3.1
137,Fort Nelson,CA,58.81,-122.69,288.15,62,20,2.1
138,Kununurra,AU,-15.77,128.74,288.15,67,0,5.27
139,Constitucion,MX,23.99,-104.67,296.0,49,5,1.5
140,Havelock,US,34.88,-76.9,302.65,70,1,6.2
141,Cabo San Lucas,MX,22.89,-109.91,304.93,38,5,4.6
142,Tigil,RU,57.8,158.67,283.8,82,61,2.06
143,Taitung,TW,22.76,121.15,290.9,82,100,2.47
144,Ribeira Grande,PT,38.52,-28.7,298.15,73,20,6.7
145,Poum,MK,41.28,20.71,290.15,88,90,0.5
146,Vila Velha,BR,-3.71,-38.6,302.19,51,20,6.2
147,Bethel,US,60.79,-161.76,290.45,93,40,2.1
148,Bondowoso,ID,-7.91,113.82,289.8,95,20,0.88
149,Tateyama,JP,36.66,137.31,294.81,92,100,0.89
150,Torbay,CA,47.66,-52.73,284.75,100,90,3.6
151,Cafarnaum,BR,-11.69,-41.47,299.4,43,0,4.79
152,Tasiilaq,GL,65.61,-37.64,282.15,70,75,3.6
153,Samarai,PG,-10.62,150.67,294.3,85,100,2.49
154,Cherskiy,RU,68.75,161.3,295.0,45,0,3.18
155,Yar-Sale,RU,66.83,70.83,285.0,56,54,6.33
156,Tuktoyaktuk,CA,69.44,-133.03,287.15,76,75,6.2
157,Sao Joao da Barra,BR,-21.64,-41.05,297.15,53,40,5.1
158,Thompson,CA,55.74,-97.86,292.15,42,20,3.1
159,Deer Lake,CA,49.18,-57.43,288.15,54,75,6.2
160,Narsaq,GL,60.91,-46.05,289.15,41,20,4.6
161,Mar del Plata,AR,-46.43,-67.52,282.7,69,71,4.26
162,Port Lincoln,AU,-34.72,135.86,287.0,69,48,13.14
163,Yulara,AU,-25.24,130.99,283.15,39,4,4.6
164,Los Llanos de Aridane,ES,28.66,-17.92,293.94,73,40,6.2
165,Kodiak,US,39.95,-94.76,300.01,19,1,5.7
166,Lulea,SE,65.58,22.15,287.15,62,0,1.5
167,Bambous Virieux,MU,-20.34,57.76,294.68,83,40,2.09
168,Biak,ID,-0.91,122.88,289.7,98,100,1.75
169,Salima,MW,-13.78,34.45,287.9,53,0,1.83
170,Tignere,CM,7.37,12.65,293.5,96,88,0.79
171,San Patricio,PY,-26.98,-56.83,296.7,62,100,3.08
172,Pacific Grove,US,36.62,-121.92,294.64,72,40,4.1
173,Maragogi,BR,-9.01,-35.22,297.3,88,57,2.26
174,Constantine,DZ,36.36,6.61,302.15,45,0,5.1
175,Seoul,KR,37.57,126.98,292.85,100,90,0.5
176,Victor Harbor,AU,-35.55,138.62,284.77,66,75,8.2
177,Tura,RU,64.27,100.22,287.8,95,100,1.47
178,Lithgow,AU,-33.48,150.16,282.73,71,0,5.1
179,Vilyuysk,RU,63.75,121.63,290.6,64,32,2.0
180,San Vicente,EC,-0.59,-80.41,300.15,74,40,3.6
181,Cognac,FR,45.69,-0.33,300.36,27,0,3.6
182,Baiquan,CN,47.61,126.08,293.3,83,51,2.94
183,Vila,IT,45.18,8.4,300.55,48,20,2.1
184,Tiksi,RU,71.64,128.87,287.8,74,80,5.3
185,Boende,CD,-0.28,20.88,295.6,95,69,1.33
186,Finschhafen,PG,-6.6,147.85,289.5,90,86,1.06
187,Honningsvag,NO,70.98,25.97,281.15,87,0,1.5
188,Mpraeso,GH,6.6,-0.73,296.4,95,92,1.8
189,Praia da Vitoria,PT,38.73,-27.07,297.09,83,40,3.83
190,Mamou,GN,10.37,-12.08,297.7,93,96,1.4
191,Oranjestad,AW,12.52,-70.03,304.15,66,40,11.3
192,Edd,ER,13.93,41.69,305.6,49,76,3.52
193,Sorland,NO,67.67,12.69,283.72,93,90,7.2
194,Nawa,IN,27.02,75.0,305.1,50,73,8.58
195,La Asuncion,AR,-26.05,-65.39,292.2,37,23,2.9
196,Taguisa,PH,6.7,124.04,298.7,79,100,1.98
197,Gushikawa,JP,26.35,127.87,301.1,88,40,6.2
198,Altamira,BR,-3.2,-52.21,306.15,59,75,3.6
199,Launceston,AU,-41.43,147.14,281.51,87,75,5.7
200,Boguchany,RU,58.38,97.46,289.9,96,76,1.59
201,Komsomolskiy,RU,67.55,63.78,284.8,80,93,4.85
202,Longyearbyen,NO,78.22,15.63,282.15,81,90,2.1
203,Saint-Leu,RE,-21.15,55.28,292.18,73,20,2.6
204,Lorengau,PG,-2.02,147.27,299.0,82,100,4.08
205,Dingle,PH,11.0,122.67,296.6,85,63,0.88
206,Cornwall,CA,45.02,-74.73,302.22,42,1,2.6
207,Panaba,MX,21.28,-88.27,308.6,42,31,1.8
208,Marzuq,YE,14.4,46.47,298.1,36,86,4.32
209,Maracas,TT,10.76,-61.44,304.93,52,40,7.2
210,Aykhal,RU,65.95,111.51,290.15,55,75,1.0
211,Liverpool,GB,53.41,-2.98,292.57,60,40,4.6
212,Pravda,BG,43.16,25.69,289.95,82,90,4.1
213,Kirakira,SB,-10.46,161.92,298.3,86,99,2.35
214,Ivanovka,RU,55.56,88.79,285.0,95,40,2.3
215,East London,ZA,-33.02,27.91,287.15,93,0,2.1
216,Meulaboh,ID,4.14,96.13,301.4,77,100,2.63
217,Taraz,KZ,42.89,71.39,298.15,36,0,2.0
218,Vestmannaeyjar,IS,63.44,-20.27,283.15,93,90,11.3
219,Canoinhas,BR,-26.18,-50.4,291.7,47,33,1.59
220,Kuznechnoye,RU,61.12,29.87,286.52,61,94,3.66
221,Virginia Beach,US,36.85,-75.98,303.22,48,1,1.5
222,Kendari,ID,-3.99,122.52,294.1,96,100,0.88
223,Mangrol,IN,25.33,76.51,303.7,63,89,6.74
224,Tarata,PE,-17.47,-70.03,289.15,67,20,3.1
225,Russell,US,38.9,-98.86,300.25,57,1,4.1
226,Iki-Burul,RU,45.82,44.65,296.84,31,0,3.0
227,Hay River,CA,60.82,-115.79,291.15,55,75,3.1
228,Pangnirtung,CA,66.15,-65.72,286.15,76,20,2.6
229,High Level,CA,58.52,-117.13,291.15,52,40,2.1
230,Kaoma,ZM,-14.8,24.8,290.2,20,0,3.24
231,Kuytun,RU,54.34,101.51,290.4,86,19,0.84
232,Bilibino,RU,68.06,166.44,292.3,54,54,0.81
233,Luderitz,NA,-26.65,15.16,298.15,54,0,0.5
234,Banda Aceh,ID,5.56,95.32,301.7,73,61,0.81
235,Mehamn,NO,71.03,27.85,281.15,87,0,1.5
236,Laguna,BZ,16.17,-88.94,304.15,79,40,2.1
237,Koutsouras,GR,35.03,25.95,299.9,56,0,1.17
238,Sengiley,RU,53.96,48.79,290.15,59,75,5.0
239,Carora,VE,10.17,-70.08,305.0,47,4,1.28
240,Huarmey,PE,-10.07,-78.15,290.3,83,77,2.51
241,Byron Bay,AU,-28.65,153.62,280.86,93,0,1.5
242,Palmer,AU,-34.85,139.16,284.44,66,75,8.2
243,Victoria,BN,5.28,115.24,299.18,78,75,1.0
244,Grakhovo,RU,56.05,51.96,292.15,59,40,3.0
245,Newton,US,42.34,-71.21,304.79,38,1,3.1
246,Ishigaki,JP,24.34,124.16,302.3,85,98,11.17
247,Port Keats,AU,-14.25,129.55,293.2,47,0,5.23
248,Talaja,IN,21.35,72.04,301.3,72,55,4.44
249,Ilulissat,GL,69.22,-51.1,281.15,75,90,2.6
250,Tokur,RU,53.13,132.9,288.0,96,100,1.56
251,Worthington,US,43.62,-95.6,295.36,69,40,11.8
252,Praia,BR,-20.25,-43.81,294.82,40,0,2.6
253,Arraial do Cabo,BR,-22.97,-42.02,296.15,60,0,7.2
254,Constanta,RO,44.18,28.65,292.11,88,20,1.0
255,Victoria,BN,5.28,115.24,299.18,78,75,1.0
256,Mount Isa,AU,-20.73,139.49,289.15,38,49,4.6
257,Berlevag,NO,70.86,29.09,279.15,81,40,3.6
258,Bereda,ES,43.27,-7.54,297.85,54,0,3.6
259,Road Town,VG,18.42,-64.62,303.45,66,40,4.6
260,Talara,PE,-4.58,-81.27,290.15,290,0,5.7
261,Leningradskiy,RU,69.38,178.42,280.7,68,4,3.88
262,Inhambane,MZ,-23.87,35.38,289.5,79,0,2.01
263,Youghal,IE,51.95,-7.85,289.93,93,75,5.1
264,Severo-Kurilsk,RU,50.68,156.12,279.2,95,71,7.36
265,Mariental,BR,-25.72,-49.65,294.06,40,0,3.6
266,Mackay,CA,53.65,-115.58,286.16,93,90,1.0
267,Oga,IT,46.46,10.35,289.86,33,0,6.7
268,Kamiiso,JP,41.82,140.65,283.9,98,5,1.45
269,Khonsa,IN,26.99,95.51,293.8,98,100,0.88
270,Kaitangata,NZ,-46.28,169.85,277.59,85,20,1.34
271,Borodino,RU,55.9,94.89,288.4,96,100,2.31
272,Pevek,RU,69.7,170.27,281.7,68,31,3.12
273,Stulovo,RU,55.85,38.31,287.9,82,20,2.0
274,Abu Zabad,SD,12.35,29.25,303.0,46,97,3.87
275,Vysokogornyy,RU,50.1,139.13,286.3,97,95,0.97
276,Milkovo,BG,41.53,24.68,296.35,88,20,2.6
277,Visby,SE,57.64,18.3,289.55,72,0,3.6
278,Hami,CN,42.84,93.51,302.4,23,98,5.47
279,Wufeng,CN,27.44,104.87,289.1,94,100,1.66
280,Rio Grande,BR,-32.03,-52.1,291.15,63,0,0.63
281,Puerto del Rosario,ES,28.5,-13.86,298.47,47,75,8.7
282,Phoenixville,US,40.13,-75.52,303.2,51,40,3.1
283,Hualmay,PE,-11.1,-77.61,290.3,81,77,3.04
284,Cockburn Town,TC,21.46,-71.14,301.4,83,100,8.58
285,Tautira,PF,-17.73,-149.15,297.09,78,40,2.1
286,Georgetown,GY,6.8,-58.16,299.53,83,75,5.1
287,Casper,US,42.87,-106.31,296.42,35,1,1.5
288,Sidi Ali,DZ,36.1,0.42,296.5,81,0,13.27
289,Itoman,JP,26.12,127.67,301.09,88,75,6.2
290,Nibe,DK,56.98,9.64,289.82,70,0,4.92
291,Aklavik,CA,68.22,-135.01,286.65,82,90,6.7
292,Umm Kaddadah,SD,13.6,26.69,308.1,22,68,2.35
293,Blagoyevo,RU,63.37,47.92,280.5,96,100,4.87
294,Valka,EE,57.78,26.02,288.71,83,63,2.86
295,Maniitsoq,GL,65.42,-52.9,278.5,91,100,1.18
296,Rzhyshchiv,UA,49.97,31.05,289.38,82,20,2.0
297,Lompoc,US,34.64,-120.46,292.44,93,20,2.6
298,Lock Haven,US,41.14,-77.45,303.11,58,40,3.1
299,Malanje,AO,-9.54,16.35,293.9,20,6,1.25
300,Iranshahr,IR,27.21,60.69,312.15,29,20,5.1
301,Kutum,SD,14.2,24.66,303.0,31,82,2.2
302,Southbridge,US,42.08,-72.03,303.89,35,40,2.1
303,Sabha,LY,27.03,14.43,309.2,6,0,4.67
304,Upernavik,GL,72.79,-56.15,278.8,85,19,5.83
305,Yumen,CN,40.29,97.04,298.1,22,99,3.66
306,Bom Jesus,BR,-9.08,-44.36,305.0,33,15,4.22
307,Faanui,PF,-16.48,-151.75,298.1,72,29,3.61
308,Mount Gambier,AU,-37.83,140.78,282.15,81,40,8.7
309,Christchurch,NZ,-43.53,172.64,284.52,44,83,6.7
310,Hambantota,LK,6.12,81.12,301.0,80,100,6.32
311,Joshimath,IN,30.57,79.57,286.7,92,64,0.85
312,Narrabri,AU,-30.33,149.78,282.29,76,0,4.6
313,Namibe,AO,-15.19,12.15,292.6,85,100,1.98
314,Mandera,ET,3.94,41.86,302.3,47,16,5.48
315,Baghdad,IQ,33.3,44.38,309.6,15,0,7.51
316,Holme,DK,56.11,10.17,291.73,59,0,4.6
317,Mizdah,LY,31.45,12.98,307.8,11,0,1.69
318,Nanfeng,CN,27.22,116.52,294.0,96,81,0.62
319,Dubbo,AU,-32.25,148.6,280.15,93,0,4.1
320,Bestobe,KZ,52.5,73.1,293.6,44,0,3.5
321,Jertih,MY,5.74,102.5,302.15,89,75,0.5
322,Zambezi,ZM,-13.55,23.12,291.6,25,0,2.19
323,Ibra,OM,22.69,58.55,302.6,46,97,2.15
324,Fairbanks,US,64.84,-147.72,289.48,67,90,1.5
325,Alyangula,AU,-13.85,136.42,288.15,93,100,1.5
326,Kibara,TZ,-2.15,33.45,297.15,69,20,2.49
327,Coquimbo,CL,-29.95,-71.34,288.84,71,0,4.6
328,Tessalit,ML,20.2,1.01,311.6,16,36,4.23
329,Lavrentiya,RU,65.58,-170.99,291.0,45,0,2.42
330,Isangel,VU,-19.55,169.27,295.8,77,0,6.63
331,Abasolo,MX,20.45,-101.53,298.15,44,40,3.1
332,Henties Bay,NA,-22.12,14.28,286.48,92,0,4.47
333,Carnarvon,ZA,-30.97,22.13,288.2,24,0,4.77
334,Bendigo,AU,-36.76,144.28,279.54,66,39,4.42
335,Pedernales,EC,0.07,-80.05,297.4,82,50,4.04
336,Ziniare,BF,12.58,-1.3,303.15,62,40,3.1
337,Rongcheng,CN,37.16,122.42,293.15,60,33,2.24
338,Andra,RU,62.52,65.89,289.8,95,100,7.44
339,Imbituba,BR,-28.24,-48.67,295.15,60,0,7.2
340,Vertientes,CU,21.26,-78.15,305.8,52,20,2.42
341,Shelburne,CA,44.08,-80.2,302.89,37,1,1.0
342,Havre-Saint-Pierre,CA,50.23,-63.6,293.15,45,75,5.1
343,Vulcan,CA,50.4,-113.26,294.24,56,93,4.02
344,Winnipeg,CA,49.88,-97.17,296.76,64,75,11.3
345,Waipawa,NZ,-39.94,176.59,283.71,79,83,7.6
346,Te Anau,NZ,-45.41,167.72,279.7,85,61,0.99
347,Hollins,US,37.35,-79.95,301.51,69,90,2.1
348,Ranong,TH,9.96,98.62,301.3,72,10,3.08
349,Beinamar,TD,8.67,15.38,296.6,89,72,1.69
350,Plotnikovo,RU,55.04,83.4,285.15,87,0,2.0
351,Adrar,DZ,27.87,-0.29,319.15,6,4,5.7
352,Centralia,US,46.72,-122.96,291.78,82,90,4.6
353,Dubai,AE,25.27,55.3,307.39,56,0,3.6
354,Nenjiang,CN,49.17,125.23,291.9,89,99,0.06
355,Ballina,IE,54.11,-9.15,290.75,93,90,3.6
356,Limbang,BN,4.75,115.01,299.51,88,75,1.0
357,Teguldet,RU,57.31,88.17,285.5,94,0,2.29
358,Vostok,RU,46.45,135.83,289.4,93,0,1.46
359,Kautokeino,NO,69.01,23.04,286.9,55,70,2.48
360,Ilhabela,BR,-23.78,-45.36,293.6,71,0,3.54
361,Bambanglipuro,ID,-7.95,110.28,296.8,83,2,7.16
362,Maningrida,AU,-12.05,134.23,289.3,77,44,2.45
363,Manzanillo,MX,19.05,-104.32,306.15,75,75,3.86
364,Rehoboth,NA,-23.31,17.08,286.1,21,0,3.09
365,Nouadhibou,MR,20.93,-17.03,297.15,60,0,9.3
366,Bossangoa,CF,6.5,17.45,295.5,89,72,2.46
367,Paidha,UG,2.42,30.99,290.2,93,100,1.48
368,Lujan,AR,-46.57,-67.67,282.7,69,71,4.26
369,San Cristobal,HN,14.68,-86.92,302.6,41,81,3.71
370,Nanortalik,GL,60.14,-45.24,278.9,84,35,1.72
371,Timbuktu,ML,16.77,-3.01,309.4,27,45,5.52
372,Klaksvik,FO,62.23,-6.59,284.15,93,93,7.7
373,Eyl,SO,7.98,49.82,299.3,66,35,11.93
374,Chokurdakh,RU,70.62,147.9,291.8,72,51,1.86
375,Nova Olimpia,BR,-14.8,-57.29,308.8,21,0,1.22
376,El Ocotito,MX,18.27,-100.1,303.3,62,76,1.31
377,Canyon Lake,US,33.68,-117.26,298.89,36,1,2.1
378,Xining,CN,36.62,101.77,282.9,67,100,1.72
379,Otane,NZ,-39.89,176.62,283.71,79,83,7.6
380,Kungurtug,RU,50.6,97.53,286.4,72,74,1.95
381,Hauterive,CA,49.18,-68.27,291.4,48,1,6.2
382,Trapani,IT,38.02,12.54,300.9,83,20,5.1
383,Tocopilla,CL,-22.09,-70.2,288.0,85,71,6.77
384,Rapid Valley,US,44.06,-103.15,295.12,60,1,2.6
385,Natal,BR,-5.81,-35.21,298.15,88,75,6.2
386,Beterou,BJ,9.2,2.26,298.1,86,40,1.2
387,Goderich,CA,43.74,-81.71,301.46,55,99,3.58
388,Paso de Carrasco,UY,-34.86,-56.05,287.91,59,0,1.59
389,Ortona,IT,42.35,14.4,295.11,83,75,2.6
390,Mecca,SA,21.43,39.83,304.0,22,0,2.51
391,Sierre,CH,46.29,7.53,293.93,39,20,7.7
392,Half Moon Bay,US,37.46,-122.43,292.36,82,90,3.6
393,Port Hedland,AU,-20.31,118.58,290.15,51,44,3.1
394,Salinopolis,BR,-0.61,-47.36,300.8,73,46,5.63
395,Tecoanapa,MX,16.99,-99.26,303.15,74,40,2.1
396,Muros,ES,42.77,-9.06,298.3,51,0,4.1
397,Canavieiras,BR,-15.68,-38.95,297.15,78,75,5.1
398,Pisco,PE,-13.71,-76.2,292.64,30,90,4.1
399,Contamana,PE,-7.35,-75.01,309.6,31,0,0.34
400,Ratnagiri,IN,16.98,73.3,301.2,83,100,9.91
401,Sydney,AU,-33.85,151.22,284.57,66,0,4.6
402,Dzhebariki-Khaya,RU,62.22,135.8,290.1,96,100,1.59
403,Honiara,SB,-9.43,159.96,296.15,100,75,2.1
404,Dingtao,CN,35.07,115.56,296.2,76,67,1.79
405,High Prairie,CA,55.43,-116.48,288.4,79,100,2.44
406,Lengshuitan,CN,26.41,111.6,294.4,89,0,0.62
407,Ukiah,US,39.15,-123.21,294.19,60,1,2.1
408,Evensk,RU,61.92,159.24,290.8,62,9,4.0
409,Ancud,CL,-41.87,-73.83,284.15,76,40,7.7
410,Tolyatti,RU,53.52,49.41,293.15,45,40,5.0
411,Camopi,GF,3.17,-52.33,300.1,92,21,1.8
412,Barcelos,BR,-0.97,-62.93,305.2,51,6,1.54
413,Donegal,IE,54.65,-8.11,291.15,88,75,4.1
414,Makushino,RU,55.21,67.25,291.5,74,99,5.04
415,Kodinsk,RU,58.6,99.18,293.9,44,97,3.78
416,Log,SI,46.0,15.32,293.39,49,26,3.6
417,Newport,US,41.49,-71.31,304.05,40,75,3.6
418,Jinchang,CN,38.52,102.19,291.1,41,95,1.5
419,Yabrud,SY,33.97,36.66,293.2,41,0,2.33
420,Saint-Georges,CA,46.12,-70.67,298.89,47,81,0.45
421,Grindavik,IS,63.84,-22.43,285.15,76,90,1.5
422,Comodoro Rivadavia,AR,-45.87,-67.48,280.15,100,75,1.5
423,Aksarka,RU,66.56,67.8,289.5,49,93,7.33
424,Oktyabrskiy,RU,55.61,37.97,288.15,82,20,2.0
425,Katsuura,JP,33.93,134.5,295.63,88,75,9.3
426,Kalmunai,LK,7.42,81.82,299.1,82,100,1.18
427,Sisimiut,GL,66.94,-53.67,278.0,92,99,3.05
428,Kudahuvadhoo,MV,2.67,72.89,302.2,76,100,4.22
429,Ales,FR,44.13,4.08,303.96,22,0,6.2
430,Agirish,RU,61.92,63.02,288.9,98,100,3.63
431,Harrisonburg,US,38.45,-78.87,302.25,66,40,3.6
432,Lethem,GY,3.38,-59.8,304.4,56,35,4.06
433,Thunder Bay,CA,48.41,-89.26,293.04,88,90,2.1
434,Kavaratti,IN,10.57,72.64,302.1,79,100,4.63
435,Langsa,ID,4.47,97.97,293.7,95,68,1.3
436,Rome,IT,41.89,12.48,298.92,61,0,3.6
437,Bayir,TR,37.27,28.22,304.54,31,0,2.1
438,Bathsheba,BB,13.22,-59.52,304.15,66,75,7.7
439,Kieta,PG,-6.22,155.63,298.2,70,100,2.71
440,Sitka,US,37.17,-99.65,303.15,64,0,0.89
441,Tadine,NC,-21.55,167.88,294.2,68,54,6.43
442,Buraydah,SA,26.33,43.97,310.15,17,0,4.6
443,Kamaishi,JP,39.28,141.86,282.4,93,33,0.95
444,Muroto,JP,33.37,134.14,294.5,98,100,2.12
445,Pundaguitan,PH,6.37,126.17,300.4,75,89,1.74
446,Kuching,MY,1.56,110.34,298.8,83,75,1.0
447,Chipinge,ZW,-20.19,32.62,289.4,51,0,2.82
448,South River,US,40.45,-74.39,304.1,38,75,5.1
449,Maha Sarakham,TH,16.19,103.3,301.15,74,40,2.6
450,Portland,US,43.66,-70.25,301.1,56,75,4.6
451,Borzya,RU,50.39,116.53,290.6,56,0,2.57
452,Saint George,GR,39.45,22.34,301.61,69,40,5.1
453,Karang Tengah,ID,-7.58,111.86,294.3,78,3,3.4
454,Qeshm,IR,26.96,56.27,306.57,75,0,4.1
455,Kushikino,JP,31.72,130.27,298.82,100,100,1.79
456,Novyye Lyady,RU,58.05,56.6,291.15,72,0,4.0
457,Morgan City,US,29.7,-91.21,301.03,83,100,3.23
458,Lasa,CY,34.92,32.53,300.51,83,20,2.1
459,Kapit,MY,2.02,112.94,295.6,89,93,0.43
460,Coahuayana,MX,18.62,-100.35,303.3,62,76,1.31
461,Coruripe,BR,-10.12,-36.18,296.3,92,98,3.51
462,Ayan,IR,38.23,44.7,288.5,55,5,2.22
463,Lekoni,GA,-1.58,14.26,300.4,54,81,2.0
464,Hailar,CN,49.2,119.7,290.0,86,41,1.5
465,Tabuk,PH,17.41,121.44,291.7,93,100,0.61
466,Benalla,AU,-36.55,145.99,280.34,81,90,8.7
467,Luena,AO,-11.78,19.91,289.0,31,0,1.07
468,Wentzville,US,38.81,-90.85,307.03,66,1,2.6
469,Fomboni,KM,-12.28,43.74,298.2,76,11,9.49
470,College,US,64.86,-147.8,291.53,67,90,1.5
471,Alice Springs,AU,-23.7,133.88,281.15,42,0,3.1
472,Weihe,CN,32.99,105.33,288.5,92,100,0.8
473,Zeya,RU,53.74,127.27,287.9,74,17,1.22
474,Beringovskiy,RU,63.05,179.32,288.2,57,0,1.69
475,Yazd,IR,31.89,54.36,311.15,13,40,3.1
476,Udachnyy,RU,66.42,112.4,290.15,55,75,1.0
477,Bud,NO,62.91,6.91,288.36,87,40,6.7
478,Esso,RU,55.93,158.7,280.5,97,83,2.56
479,Akdepe,TM,42.05,59.39,304.58,24,0,4.1
480,Yataity,PY,-26.37,-56.07,297.8,57,100,2.27
481,Mogadishu,SO,2.04,45.34,298.5,84,46,7.66
482,Owensboro,US,37.77,-87.11,305.82,89,20,2.1
483,Sokolovo,BA,44.62,16.86,295.15,53,20,3.1
484,Kenitra,MA,34.26,-6.57,295.11,68,0,4.1
485,Coroico,BO,-16.19,-67.73,287.15,5,20,4.6
486,Ajuchitlan,MX,20.72,-100.02,295.15,56,40,5.1
487,Port Macquarie,AU,-31.43,152.91,278.62,87,0,2.1
488,Lodja,CD,-3.52,23.6,298.8,54,60,0.52
489,Bowen,AU,-20.01,148.25,292.1,93,90,1.39
490,Velikiy Novgorod,RU,58.52,31.28,287.4,67,51,4.4
491,Hervey Bay,AU,-25.3,152.85,289.49,87,75,2.6
492,Bacolod,PH,10.68,122.95,300.4,79,55,3.11
493,Song Phi Nong,TH,14.23,100.04,299.6,70,100,3.29
494,Upington,ZA,-28.46,21.24,292.15,24,0,3.6
495,Ust-Uda,RU,54.17,103.03,290.1,79,9,0.9
496,Abhar,IR,36.14,49.22,289.9,69,1,2.86
497,Sorong,ID,-0.86,131.25,296.3,96,100,2.44
498,Okhotsk,RU,59.36,143.24,282.6,91,96,1.95
499,Tuatapere,NZ,-46.13,167.69,284.4,87,95,6.69
500,Sarakhs,TM,36.54,61.16,305.15,24,0,5.26
501,La Carolina,ES,38.27,-3.62,307.04,24,35,1.79
502,Bloemfontein,ZA,-29.12,26.22,284.15,40,0,1.0
503,Argelia,CO,4.73,-76.12,298.66,65,40,1.0
504,Guayabal,CO,6.22,-75.58,296.53,54,40,4.6
505,Diego de Almagro,CL,-26.39,-70.05,292.8,45,0,3.59
506,Avera,US,33.19,-82.53,304.78,66,75,3.6
507,Campbellton,CA,48.0,-66.68,294.3,32,0,4.26
508,Qaqortoq,GL,60.72,-46.03,289.15,41,20,4.6
509,Revda,RU,67.94,34.55,277.9,77,100,4.13
510,Owando,CG,-0.49,15.91,297.0,86,99,1.38
511,Caiaponia,BR,-16.96,-51.81,301.8,26,0,1.64
512,Padang,ID,-0.92,100.36,301.5,75,47,1.88
513,Polunochnoye,RU,60.87,60.43,288.0,98,47,2.24
514,Caldwell,US,43.67,-116.69,300.3,29,1,2.1
515,Namatanai,PG,-3.66,152.44,298.8,82,100,6.63
516,Parana,BR,-7.52,-72.89,302.15,66,75,1.5
517,Kommunar,RU,59.62,30.39,287.57,54,40,5.0
518,Kalnciems,LV,56.8,23.61,289.15,82,40,3.6
519,Port Augusta,AU,-32.49,137.76,284.99,81,40,2.6
520,Pandan,PH,11.72,122.09,301.7,74,36,4.32
521,Paramirim,BR,-13.44,-42.24,299.3,37,0,3.45
522,Kharp,RU,66.82,65.8,282.1,89,100,2.46
523,Harper,US,30.3,-99.24,307.04,41,1,2.1
524,Ellisras,ZA,-23.67,27.74,287.7,54,0,0.97
525,Ornskoldsvik,SE,63.29,18.72,287.7,62,0,2.6
526,Sorrento,AU,-31.82,115.75,284.33,100,90,3.41
527,Juba,EE,57.82,26.93,288.5,72,61,3.6
528,Gayny,RU,60.3,54.33,286.2,91,39,2.12
529,Acapulco,MX,16.86,-99.88,303.15,74,40,2.1
530,Sobolevo,RU,54.43,31.9,285.6,93,8,2.46
531,Sabang,PH,13.8,121.11,296.3,94,17,1.0
532,San Felipe,CL,-32.75,-70.73,287.59,99,100,1.3
533,San Luis,AR,-33.3,-66.34,291.3,41,34,1.91
534,Norsup,VU,-16.07,167.38,298.0,78,35,6.19
535,Shibetsu,JP,44.15,142.46,286.2,97,77,1.41
536,Zhangjiakou,CN,40.77,114.88,287.1,81,85,3.98
537,Chapais,CA,49.78,-74.86,295.15,53,75,4.1
538,Okha,RU,53.59,142.95,284.4,88,100,6.25
539,Shaunavon,CA,49.65,-108.41,295.5,50,100,7.55
540,Aksu,KZ,52.04,76.93,287.15,71,0,4.0
541,Sabinov,SK,49.1,21.1,288.82,55,0,1.5
542,Chapleau,CA,47.85,-83.4,297.15,64,75,5.7
543,Porkhov,RU,57.77,29.55,289.15,77,79,3.0
544,Tungor,RU,53.39,142.95,284.4,88,100,6.25
545,Lubao,CD,-5.39,25.75,299.5,43,46,1.2
546,Dhidhdhoo,MV,6.88,73.1,302.0,70,100,3.41
547,Acari,BR,-6.44,-36.64,304.3,38,65,7.44
548,Ust-Nera,RU,64.57,143.24,286.2,87,100,1.17
549,Porto Velho,BR,-8.75,-63.87,305.15,55,40,2.1
550,Atyrau,KZ,47.1,51.92,299.15,78,20,4.0
551,Nhulunbuy,AU,-12.18,136.78,293.15,100,90,4.23
552,Gizo,IL,31.8,34.94,299.76,69,0,2.6
